{
  "protocol": "P1_deploy_fit_on_dev",
  "temperature": 5.367681468392405,
  "ortho_features": [
    "ttr"
  ],
  "margin_t_low": -10.576387214660643,
  "margin_t_high": 10.906830406188966,
  "ortho_lr_coef": [
    15.369605998555754
  ],
  "ortho_lr_intercept": -10.442794053891676,
  "dev_fit_macro_f1": 0.9365698554581079,
  "note": "margin>=t_high->AI; margin<t_low->human; ambiguous->ortho LR. margin = (logit_ai - logit_human). Logits from roberta_base/best_model."
}