{
  "mattr": {
    "human_mean": 0.7832579888,
    "human_std": 0.04545875329286608,
    "ai_mean": 0.747544745,
    "ai_std": 0.06364769414318106,
    "p33": 0.75154135,
    "p67": 0.79416633
  },
  "hapax_ratio": {
    "human_mean": 0.6764366908,
    "human_std": 0.07154856952872446,
    "ai_mean": 0.6234241598000001,
    "ai_std": 0.1297524065852021,
    "p33": 0.628205,
    "p67": 0.7008015200000001
  },
  "latinate_ratio": {
    "human_mean": 0.042037095,
    "human_std": 0.026621195384638842,
    "ai_mean": 0.047817798,
    "ai_std": 0.02729103270872793,
    "p33": 0.029242010000000002,
    "p67": 0.05283
  },
  "avg_word_length": {
    "human_mean": 4.869111621,
    "human_std": 0.4980785739218817,
    "ai_mean": 4.966723679399999,
    "ai_std": 0.47912187600253514,
    "p33": 4.670442560000001,
    "p67": 5.140078
  },
  "passive_ratio": {
    "human_mean": 0.10888174800000001,
    "human_std": 0.0938387698016341,
    "ai_mean": 0.12592133960000002,
    "ai_std": 0.12121067878776981,
    "p33": 0.052632,
    "p67": 0.137931
  },
  "subordination_ratio": {
    "human_mean": 1.1022213858,
    "human_std": 0.5792785589388593,
    "ai_mean": 0.9730557014000002,
    "ai_std": 1.0036531058496594,
    "p33": 0.75,
    "p67": 1.166667
  },
  "pos_bigram_entropy": {
    "human_mean": 5.7087361958,
    "human_std": 0.3729209619184058,
    "ai_mean": 5.4449719416,
    "ai_std": 0.3657288718021799,
    "p33": 5.44383151,
    "p67": 5.78028883
  },
  "discourse_total_density": {
    "human_mean": 0.09831768319999999,
    "human_std": 0.0990646150030513,
    "ai_mean": 0.1487796146,
    "ai_std": 0.13436899400071364,
    "p33": 0.05033835000000004,
    "p67": 0.15
  },
  "discourse_position_std": {
    "human_mean": 0.105365606,
    "human_std": 0.12635231460955276,
    "ai_mean": 0.1055021362,
    "ai_std": 0.11759720773632139,
    "p33": 0.0,
    "p67": 0.166667
  },
  "structural_completeness": {
    "human_mean": 0.1707,
    "human_std": 0.2707880633171392,
    "ai_mean": 0.2434,
    "ai_std": 0.3216786213398171,
    "p33": 0.0,
    "p67": 0.5
  },
  "discourse_additive": {
    "human_mean": 0.057938128000000005,
    "human_std": 0.07480988002841864,
    "ai_mean": 0.0840453154,
    "ai_std": 0.09572856806599332,
    "p33": 0.0,
    "p67": 0.090909
  },
  "discourse_contrastive": {
    "human_mean": 0.026863872400000002,
    "human_std": 0.05139443968062046,
    "ai_mean": 0.0357386658,
    "ai_std": 0.06423657688938135,
    "p33": 0.0,
    "p67": 0.018519
  },
  "discourse_causal": {
    "human_mean": 0.012976994000000002,
    "human_std": 0.04077551599324854,
    "ai_mean": 0.011314202,
    "ai_std": 0.037743127173674486,
    "p33": 0.0,
    "p67": 0.0
  },
  "discourse_conclusive": {
    "human_mean": 0.0038574508,
    "human_std": 0.020631424823914425,
    "ai_mean": 0.0222810812,
    "ai_std": 0.04324943999576637,
    "p33": 0.0,
    "p67": 0.0
  },
  "contraction_ratio": {
    "human_mean": 0.005142042599999999,
    "human_std": 0.009035749436143069,
    "ai_mean": 0.0020920134,
    "ai_std": 0.007034564611194801,
    "p33": 0.0,
    "p67": 0.0
  },
  "first_person_ratio": {
    "human_mean": 0.0086429142,
    "human_std": 0.012468681515340127,
    "ai_mean": 0.0078097014,
    "ai_std": 0.015784789324734216,
    "p33": 0.0,
    "p67": 0.006098
  },
  "hedge_density": {
    "human_mean": 0.0020386878000000002,
    "human_std": 0.013283443494596798,
    "ai_mean": 0.001932226,
    "ai_std": 0.01554812534294923,
    "p33": 0.0,
    "p67": 0.0
  },
  "hedge_position_std": {
    "human_mean": 0.0008721773999999999,
    "human_std": 0.014762124389044576,
    "ai_mean": 0.0006980144,
    "ai_std": 0.012152048138539645,
    "p33": 0.0,
    "p67": 0.0
  },
  "modal_ratio": {
    "human_mean": 0.0129767966,
    "human_std": 0.012312731142295965,
    "ai_mean": 0.0113167394,
    "ai_std": 0.012017192320427467,
    "p33": 0.0041126900000000004,
    "p67": 0.015564
  },
  "sentence_length_std": {
    "human_mean": 10.847711645999999,
    "human_std": 9.276965210987704,
    "ai_mean": 8.341368769799999,
    "ai_std": 13.907017649554493,
    "p33": 6.75464093,
    "p67": 9.559889980000001
  },
  "sentence_length_cv": {
    "human_mean": 0.5392913086000001,
    "human_std": 0.22793445828008993,
    "ai_mean": 0.4165133232,
    "ai_std": 0.23399578093837448,
    "p33": 0.35714367999999996,
    "p67": 0.5240023
  },
  "para_length_std": {
    "human_mean": 0.0,
    "human_std": 0.0,
    "ai_mean": 0.0,
    "ai_std": 0.0,
    "p33": 0.0,
    "p67": 0.0
  },
  "rhetorical_question_ratio": {
    "human_mean": 0.00014608880000000003,
    "human_std": 0.003657895224908697,
    "ai_mean": 2.8718e-05,
    "ai_std": 0.001439415514533832,
    "p33": 0.0,
    "p67": 0.0
  },
  "_mtl_features": [
    "discourse_total_density",
    "contraction_ratio",
    "first_person_ratio"
  ],
  "_mtl_boundaries": {
    "discourse_total_density": {
      "p33": 0.05033835000000004,
      "p67": 0.15
    },
    "contraction_ratio": {
      "p33": 0.0,
      "p67": 0.0
    },
    "first_person_ratio": {
      "p33": 0.0,
      "p67": 0.006098
    }
  }
}